ACTIVEC,PRESUACCIDETRASUCE,MUERTES_REPOR_AT,NUEVAPENSIOINVA_R_AT,NUEVAPENSIOINVA_R_EL,INCAPERMAPARCIAR_AT,INCAPERMAPARCIAR_EL,RELA_DEP,RELA_INDEP,TOTAL_TRABAJADORES,TASA_ACCIDENTES,TASA_MUERTES
1841201,670,670,670,3,0,1,374599.0,250618.0,625217.0,1.0716,1.0716
2012201,427,427,427,0,1,0,19834.0,87.0,19921.0,21.4347,21.4347
5051001,425,425,425,0,1,0,36323.0,139.0,36462.0,11.656,11.656
3861001,421,421,421,0,0,0,76870.0,56457.0,133327.0,3.1576,3.1576
2012601,279,279,279,0,0,0,16419.0,404.0,16823.0,16.5844,16.5844
2014101,182,182,182,0,0,0,23141.0,121.0,23262.0,7.8239,7.8239
2016102,153,153,153,0,0,0,26979.0,192.0,27171.0,5.631,5.631
3782001,150,150,150,0,0,0,26115.0,49.0,26164.0,5.7331,5.7331
5411101,130,130,130,0,0,0,72231.0,852.0,73083.0,1.7788,1.7788
1970001,129,129,129,0,0,0,86340.0,641.0,86981.0,1.4831,1.4831
5842403,123,123,123,0,0,0,18056.0,333.0,18389.0,6.6888,6.6888
3360001,122,122,122,0,0,0,19834.0,4422.0,24256.0,5.0297,5.0297
1855101,106,106,106,0,0,0,79521.0,35828.0,115349.0,0.919,0.919
2015001,104,104,104,0,0,0,12038.0,145.0,12183.0,8.5365,8.5365
1854401,96,96,96,1,0,0,97560.0,10206.0,107766.0,0.8908,0.8908
5421001,95,95,95,0,0,0,28196.0,390.0,28586.0,3.3233,3.3233
5842404,78,78,78,1,0,0,22770.0,216.0,22986.0,3.3934,3.3934
5711001,75,75,75,0,1,0,67817.0,2051.0,69868.0,1.0735,1.0735
5842401,74,74,74,0,0,0,39416.0,1274.0,40690.0,1.8186,1.8186
2812101,73,73,73,0,0,0,13372.0,67.0,13439.0,5.432,5.432
2016103,72,72,72,0,0,0,8678.0,52.0,8730.0,8.2474,8.2474
2014501,72,72,72,0,0,0,8489.0,63.0,8552.0,8.4191,8.4191
5429001,72,72,72,0,0,0,30759.0,1849.0,32608.0,2.208,2.208
2472301,70,70,70,0,0,0,10822.0,40.0,10862.0,6.4445,6.4445
2851101,67,67,67,0,0,0,32033.0,4828.0,36861.0,1.8176,1.8176
5072202,66,66,66,1,0,0,4703.0,74.0,4777.0,13.8162,13.8162
4012401,63,63,63,0,3,0,7560.0,44.0,7604.0,8.2851,8.2851
1471101,62,62,62,0,0,0,22059.0,155.0,22214.0,2.791,2.791
1854301,61,61,61,0,0,0,67239.0,8597.0,75836.0,0.8044,0.8044
3561101,58,58,58,0,0,0,16026.0,222.0,16248.0,3.5697,3.5697
2014401,58,58,58,0,0,0,6194.0,31.0,6225.0,9.3173,9.3173
2011101,54,54,54,0,0,0,4743.0,30.0,4773.0,11.3136,11.3136
3108401,54,54,54,0,0,0,18551.0,103.0,18654.0,2.8948,2.8948
2811001,51,51,51,0,0,0,16485.0,94.0,16579.0,3.0762,3.0762
3108101,48,48,48,0,0,0,12747.0,100.0,12847.0,3.7363,3.7363
2012701,47,47,47,0,0,0,7040.0,55.0,7095.0,6.6244,6.6244
1949902,46,46,46,0,0,0,14283.0,3705.0,17988.0,2.5573,2.5573
4239201,46,46,46,0,0,0,3380.0,56.0,3436.0,13.3877,13.3877
4466301,41,41,41,0,0,0,7030.0,54.0,7084.0,5.7877,5.7877
4492101,39,39,39,0,0,0,19121.0,229.0,19350.0,2.0155,2.0155
2853001,39,39,39,0,0,0,41147.0,992.0,42139.0,0.9255,0.9255
2551101,37,37,37,0,0,0,10629.0,71.0,10700.0,3.4579,3.4579
1829902,36,36,36,0,0,0,2700.0,32887.0,35587.0,1.0116,1.0116
1949101,36,36,36,0,0,0,12645.0,718.0,13363.0,2.694,2.694
5251101,35,35,35,0,0,0,10813.0,126.0,10939.0,3.1996,3.1996
2012101,33,33,33,1,0,0,3568.0,90.0,3658.0,9.0213,9.0213
1841203,33,33,33,0,0,0,16885.0,30.0,16915.0,1.9509,1.9509
3942001,33,33,33,0,0,0,5498.0,3467.0,8965.0,3.681,3.681
1681001,33,33,33,0,0,0,15395.0,186.0,15581.0,2.118,2.118
1477301,33,33,33,0,0,0,16482.0,54.0,16536.0,1.9956,1.9956
1841301,33,33,33,0,0,1,11409.0,11825.0,23234.0,1.4203,1.4203
1823001,33,33,33,0,0,0,16783.0,2996.0,19779.0,1.6684,1.6684
1889001,32,32,32,0,0,0,9148.0,1852.0,11000.0,2.9091,2.9091
5072201,32,32,32,0,0,0,3678.0,9.0,3687.0,8.6791,8.6791
4101101,31,31,31,0,0,0,2335.0,24.0,2359.0,13.1412,13.1412
1463101,31,31,31,0,0,0,8799.0,207.0,9006.0,3.4421,3.4421
2014102,30,30,30,0,0,0,3473.0,49.0,3522.0,8.5179,8.5179
4107101,30,30,30,0,0,0,7782.0,8.0,7790.0,3.8511,3.8511
3105101,30,30,30,0,0,0,5395.0,101.0,5496.0,5.4585,5.4585
4103001,28,28,28,0,0,0,3837.0,162.0,3999.0,7.0018,7.0018
3012501,28,28,28,0,0,0,4319.0,19.0,4338.0,6.4546,6.4546
5351301,27,27,27,0,0,0,8993.0,50.0,9043.0,2.9857,2.9857
5842201,26,26,26,0,0,0,9860.0,363.0,10223.0,2.5433,2.5433
3931202,26,26,26,0,0,0,1271.0,12.0,1283.0,20.265,20.265
1682001,25,25,25,1,0,0,12306.0,224.0,12530.0,1.9952,1.9952
2750001,25,25,25,0,0,0,4088.0,43.0,4131.0,6.0518,6.0518
5390001,25,25,25,0,0,0,2594.0,59.0,2653.0,9.4233,9.4233
2466301,24,24,24,0,0,0,9387.0,69.0,9456.0,2.5381,2.5381
1701001,24,24,24,0,0,0,19342.0,1160.0,20502.0,1.1706,1.1706
5432201,24,24,24,0,0,0,9166.0,227.0,9393.0,2.5551,2.5551
3107201,24,24,24,0,0,0,1330.0,9.0,1339.0,17.9238,17.9238
3453001,23,23,23,0,0,0,11486.0,83.0,11569.0,1.9881,1.9881
3311001,23,23,23,0,0,0,4806.0,158.0,4964.0,4.6334,4.6334
3561901,23,23,23,0,0,0,8706.0,223.0,8929.0,2.5759,2.5759
5351201,22,22,22,0,0,0,4018.0,1665.0,5683.0,3.8712,3.8712
5422001,22,22,22,0,0,0,5516.0,145.0,5661.0,3.8862,3.8862
2462001,22,22,22,0,0,0,3761.0,53.0,3814.0,5.7682,5.7682
3331201,21,21,21,0,0,0,7196.0,95.0,7291.0,2.8803,2.8803
4475201,21,21,21,0,0,0,4538.0,41.0,4579.0,4.5862,4.5862
4492301,21,21,21,0,0,0,19431.0,329.0,19760.0,1.0628,1.0628
1949901,20,20,20,0,0,0,6182.0,4033.0,10215.0,1.9579,1.9579
2862101,20,20,20,0,0,0,12751.0,2808.0,15559.0,1.2854,1.2854
1841501,20,20,20,0,0,0,9802.0,3006.0,12808.0,1.5615,1.5615
3562901,20,20,20,0,0,0,6390.0,555.0,6945.0,2.8798,2.8798
2475201,19,19,19,0,0,0,5535.0,31.0,5566.0,3.4136,3.4136
2843001,19,19,19,0,0,0,14234.0,530.0,14764.0,1.2869,1.2869
3222901,19,19,19,0,0,0,3683.0,13.0,3696.0,5.1407,5.1407
3381101,19,19,19,0,0,0,2320.0,129.0,2449.0,7.7583,7.7583
1464501,18,18,18,0,0,0,9919.0,150.0,10069.0,1.7877,1.7877
1469001,18,18,18,0,0,0,4769.0,61.0,4830.0,3.7267,3.7267
5433003,18,18,18,0,0,0,13488.0,201.0,13689.0,1.3149,1.3149
4107102,17,17,17,0,0,0,3457.0,5.0,3462.0,4.9105,4.9105
3522401,17,17,17,0,0,0,4446.0,425.0,4871.0,3.49,3.49
5433001,17,17,17,0,0,0,23095.0,144.0,23239.0,0.7315,0.7315
3721001,16,16,16,0,0,0,1329.0,2389.0,3718.0,4.3034,4.3034
3382101,16,16,16,0,0,0,1653.0,166.0,1819.0,8.796,8.796
1471901,16,16,16,0,0,0,7483.0,22.0,7505.0,2.1319,2.1319
1472201,16,16,16,0,0,0,2831.0,46.0,2877.0,5.5613,5.5613
3104001,16,16,16,0,0,0,2072.0,15.0,2087.0,7.6665,7.6665
3931101,16,16,16,0,0,0,1565.0,191.0,1756.0,9.1116,9.1116
5411201,16,16,16,0,0,0,7412.0,1241.0,8653.0,1.8491,1.8491
4869901,15,15,15,0,0,0,2611.0,1695.0,4306.0,3.4835,3.4835
5439002,15,15,15,0,0,0,2953.0,46.0,2999.0,5.0017,5.0017
1454101,15,15,15,0,0,0,7081.0,33.0,7114.0,2.1085,2.1085
5082001,15,15,15,0,0,0,2101.0,15.0,2116.0,7.0888,7.0888
2471901,14,14,14,0,0,0,6195.0,45.0,6240.0,2.2436,2.2436
3869101,14,14,14,0,0,0,7650.0,611.0,8261.0,1.6947,1.6947
3931201,14,14,14,0,0,0,1835.0,2307.0,4142.0,3.38,3.38
4432101,14,14,14,0,0,0,4487.0,141.0,4628.0,3.0251,3.0251
1841401,14,14,14,0,0,0,2982.0,7143.0,10125.0,1.3827,1.3827
2012602,14,14,14,0,0,0,1014.0,0.0,1014.0,13.8067,13.8067
5522301,13,13,13,0,0,0,3621.0,895.0,4516.0,2.8787,2.8787
2472101,13,13,13,1,0,0,5618.0,76.0,5694.0,2.2831,2.2831
5191001,13,13,13,0,0,0,2268.0,13.0,2281.0,5.6993,5.6993
2862102,13,13,13,0,0,0,5837.0,642.0,6479.0,2.0065,2.0065
3475201,13,13,13,0,0,0,2996.0,4.0,3000.0,4.3333,4.3333
1561301,13,13,13,0,0,0,4331.0,35.0,4366.0,2.9776,2.9776
5842302,12,12,12,0,0,0,4586.0,589.0,5175.0,2.3188,2.3188
1702001,12,12,12,0,0,0,14726.0,600.0,15326.0,0.783,0.783
4801001,12,12,12,0,0,0,6888.0,272.0,7160.0,1.676,1.676
3473101,12,12,12,0,0,0,8443.0,39.0,8482.0,1.4148,1.4148
1477101,12,12,12,0,0,0,15091.0,26.0,15117.0,0.7938,0.7938
3251101,12,12,12,0,0,0,2488.0,49.0,2537.0,4.73,4.73
4452001,12,12,12,0,0,0,7255.0,202.0,7457.0,1.6092,1.6092
1691001,11,11,11,0,0,0,13630.0,243.0,13873.0,0.7929,0.7929
2652101,11,11,11,0,0,0,4701.0,510.0,5211.0,2.1109,2.1109
2016101,11,11,11,0,1,0,3270.0,162.0,3432.0,3.2051,3.2051
5812901,11,11,11,0,0,0,5446.0,282.0,5728.0,1.9204,1.9204
1641201,11,11,11,1,0,0,9393.0,16.0,9409.0,1.1691,1.1691
2141001,11,11,11,0,0,0,7759.0,48.0,7807.0,1.409,1.409
2465301,11,11,11,0,0,0,2975.0,15.0,2990.0,3.6789,3.6789
3161001,11,11,11,0,0,0,1780.0,133.0,1913.0,5.7501,5.7501
5051002,11,11,11,0,0,0,5887.0,4.0,5891.0,1.8673,1.8673
2012301,11,11,11,0,0,0,1982.0,31.0,2013.0,5.4645,5.4645
5522401,11,11,11,0,0,0,3793.0,17.0,3810.0,2.8871,2.8871
5383001,11,11,11,0,0,0,1351.0,5.0,1356.0,8.1121,8.1121
2101101,10,10,10,0,0,0,1593.0,17.0,1610.0,6.2112,6.2112
2014502,10,10,10,0,0,0,1456.0,37.0,1493.0,6.6979,6.6979
4522901,10,10,10,0,0,0,3020.0,1833.0,4853.0,2.0606,2.0606
2812901,10,10,10,0,0,0,3736.0,3.0,3739.0,2.6745,2.6745
4016101,10,10,10,0,0,0,3058.0,41.0,3099.0,3.2268,3.2268
2032201,10,10,10,0,0,0,1592.0,36.0,1628.0,6.1425,6.1425
3383001,10,10,10,0,0,0,1185.0,37.0,1222.0,8.1833,8.1833
2960301,10,10,10,0,0,0,1920.0,47.0,1967.0,5.0839,5.0839
4139901,10,10,10,0,0,0,911.0,3.0,914.0,10.9409,10.9409
4103002,10,10,10,0,0,0,884.0,0.0,884.0,11.3122,11.3122
2862201,10,10,10,0,0,0,6119.0,148.0,6267.0,1.5957,1.5957
1466101,10,10,10,0,0,0,1440.0,27.0,1467.0,6.8166,6.8166
2461002,9,9,9,0,0,0,3011.0,115.0,3126.0,2.8791,2.8791
1476101,9,9,9,0,0,0,5174.0,38.0,5212.0,1.7268,1.7268
5331201,9,9,9,0,0,0,2552.0,24.0,2576.0,3.4938,3.4938
1841101,9,9,9,0,0,0,2229.0,3175.0,5404.0,1.6654,1.6654
4259901,9,9,9,0,0,0,1813.0,45.0,1858.0,4.8439,4.8439
2101102,9,9,9,0,0,0,687.0,0.0,687.0,13.1004,13.1004
5161001,9,9,9,0,0,0,873.0,6.0,879.0,10.2389,10.2389
3452001,9,9,9,0,0,0,2576.0,97.0,2673.0,3.367,3.367
1749001,9,9,9,0,0,0,12195.0,2267.0,14462.0,0.6223,0.6223
1472301,9,9,9,0,0,0,1866.0,8.0,1874.0,4.8026,4.8026
3152101,8,8,8,0,0,0,1946.0,6.0,1952.0,4.0984,4.0984
3163001,8,8,8,0,0,0,832.0,21.0,853.0,9.3787,9.3787
1141001,8,8,8,0,0,0,4061.0,43.0,4104.0,1.9493,1.9493
1475901,8,8,8,0,0,0,7894.0,456.0,8350.0,0.9581,0.9581
5081101,8,8,8,0,0,0,3371.0,76.0,3447.0,2.3209,2.3209
1462001,8,8,8,0,0,0,1599.0,165.0,1764.0,4.5351,4.5351
1920001,8,8,8,0,0,0,7528.0,732.0,8260.0,0.9685,0.9685
3551101,8,8,8,0,0,0,2245.0,21.0,2266.0,3.5305,3.5305
3312001,8,8,8,0,0,0,1076.0,4.0,1080.0,7.4074,7.4074
1462003,8,8,8,0,0,0,1159.0,12.0,1171.0,6.8318,6.8318
2463201,8,8,8,0,0,0,2570.0,40.0,2610.0,3.0651,3.0651
5439004,8,8,8,0,0,0,4573.0,33.0,4606.0,1.7369,1.7369
3101203,7,7,7,0,0,0,607.0,1.0,608.0,11.5132,11.5132
5813001,7,7,7,0,0,0,1622.0,30.0,1652.0,4.2373,4.2373
1854101,7,7,7,0,0,0,17494.0,1213.0,18707.0,0.3742,0.3742
2821101,7,7,7,0,0,0,2866.0,144.0,3010.0,2.3256,2.3256
5163001,7,7,7,0,0,0,999.0,61.0,1060.0,6.6038,6.6038
3221901,7,7,7,0,0,0,971.0,5.0,976.0,7.1721,7.1721
1473201,7,7,7,0,0,0,1792.0,6.0,1798.0,3.8932,3.8932
4531001,7,7,7,0,0,0,4686.0,16.0,4702.0,1.4887,1.4887
1466401,7,7,7,0,0,0,3349.0,24.0,3373.0,2.0753,2.0753
3108901,7,7,7,0,0,0,1492.0,24.0,1516.0,4.6174,4.6174
1461001,7,7,7,0,0,0,896.0,5.0,901.0,7.7691,7.7691
3360002,7,7,7,0,0,0,559.0,37.0,596.0,11.745,11.745
3109001,7,7,7,0,0,0,810.0,17.0,827.0,8.4643,8.4643
2873001,7,7,7,0,0,0,1063.0,151.0,1214.0,5.7661,5.7661
5433002,7,7,7,0,0,0,1473.0,21.0,1494.0,4.6854,4.6854
2011201,7,7,7,0,0,0,1309.0,16.0,1325.0,5.283,5.283
1475401,6,6,6,0,0,0,1865.0,26.0,1891.0,3.1729,3.1729
4331201,6,6,6,0,0,0,1130.0,123.0,1253.0,4.7885,4.7885
3104002,6,6,6,0,0,0,981.0,8.0,989.0,6.0667,6.0667
2477401,6,6,6,0,0,0,1379.0,20.0,1399.0,4.2888,4.2888
4110101,6,6,6,0,0,0,767.0,110.0,877.0,6.8415,6.8415
4222101,6,6,6,0,0,0,867.0,9.0,876.0,6.8493,6.8493
3102001,6,6,6,0,0,0,754.0,5.0,759.0,7.9051,7.9051
4239501,6,6,6,0,0,0,699.0,39.0,738.0,8.1301,8.1301
3466501,6,6,6,0,0,0,1760.0,5.0,1765.0,3.3994,3.3994
3611001,6,6,6,0,0,0,1747.0,69.0,1816.0,3.304,3.304
3210001,6,6,6,0,0,0,1707.0,3.0,1710.0,3.5088,3.5088
1472401,6,6,6,0,0,0,1225.0,2.0,1227.0,4.89,4.89
2011301,6,6,6,0,0,0,942.0,39.0,981.0,6.1162,6.1162
4161001,6,6,6,0,0,0,712.0,28.0,740.0,8.1081,8.1081
1475201,6,6,6,0,0,0,6010.0,17.0,6027.0,0.9955,0.9955
5351101,6,6,6,0,0,0,2224.0,130.0,2354.0,2.5489,2.5489
5072203,6,6,6,0,0,0,262.0,0.0,262.0,22.9008,22.9008
2551901,6,6,6,0,0,0,846.0,48.0,894.0,6.7114,6.7114
1852301,6,6,6,0,0,0,8114.0,37.0,8151.0,0.7361,0.7361
5431202,6,6,6,0,0,0,3086.0,48.0,3134.0,1.9145,1.9145
1651101,6,6,6,0,0,0,4749.0,1120.0,5869.0,1.0223,1.0223
2561201,5,5,5,0,0,0,3300.0,51.0,3351.0,1.4921,1.4921
2108901,5,5,5,0,0,0,2396.0,34.0,2430.0,2.0576,2.0576
2024001,5,5,5,0,0,0,961.0,62.0,1023.0,4.8876,4.8876
3932901,5,5,5,0,0,0,5570.0,305.0,5875.0,0.8511,0.8511
2104001,5,5,5,0,0,0,1162.0,3.0,1165.0,4.2918,4.2918
1731001,5,5,5,0,0,0,9131.0,537.0,9668.0,0.5172,0.5172
3432101,5,5,5,0,0,0,2631.0,49.0,2680.0,1.8657,1.8657
5051003,5,5,5,0,0,0,498.0,2.0,500.0,10.0,10.0
5411202,5,5,5,0,0,0,918.0,771.0,1689.0,2.9603,2.9603
1472901,5,5,5,0,0,0,1703.0,6.0,1709.0,2.9257,2.9257
2102001,5,5,5,0,0,0,714.0,9.0,723.0,6.9156,6.9156
5432901,5,5,5,0,0,0,1517.0,33.0,1550.0,3.2258,3.2258
2553001,5,5,5,0,0,0,1740.0,2.0,1742.0,2.8703,2.8703
4201201,5,5,5,0,0,0,470.0,8.0,478.0,10.4603,10.4603
4259902,5,5,5,0,0,0,577.0,14.0,591.0,8.4602,8.4602
2465902,5,5,5,0,0,0,618.0,2.0,620.0,8.0645,8.0645
4370001,5,5,5,0,0,0,1218.0,429.0,1647.0,3.0358,3.0358
1851301,5,5,5,0,0,0,4218.0,446.0,4664.0,1.072,1.072
2461001,5,5,5,0,0,0,787.0,3.0,790.0,6.3291,6.3291
1464201,5,5,5,0,0,0,2549.0,11.0,2560.0,1.9531,1.9531
4492102,5,5,5,0,0,0,2635.0,191.0,2826.0,1.7693,1.7693
4812902,5,5,5,0,0,0,1644.0,2.0,1646.0,3.0377,3.0377
4351401,5,5,5,0,0,0,1548.0,80.0,1628.0,3.0713,3.0713
2829201,5,5,5,0,0,0,1821.0,1.0,1822.0,2.7442,2.7442
3164001,5,5,5,0,0,0,272.0,7.0,279.0,17.9211,17.9211
3612001,5,5,5,0,0,0,1371.0,74.0,1445.0,3.4602,3.4602
5241005,5,5,5,0,0,0,365.0,2.0,367.0,13.624,13.624
5801001,5,5,5,0,0,0,707.0,7.0,714.0,7.0028,7.0028
1472902,4,4,4,0,0,0,1705.0,6.0,1711.0,2.3378,2.3378
4293001,4,4,4,0,0,0,1116.0,7.0,1123.0,3.5619,3.5619
2813001,4,4,4,0,0,0,838.0,13.0,851.0,4.7004,4.7004
5243201,4,4,4,0,0,0,517.0,4.0,521.0,7.6775,7.6775
1941101,4,4,4,0,0,0,4015.0,182.0,4197.0,0.9531,0.9531
1841205,4,4,4,0,0,0,1237.0,291.0,1528.0,2.6178,2.6178
3292001,4,4,4,0,0,0,631.0,3.0,634.0,6.3091,6.3091
3562101,4,4,4,0,0,0,1790.0,11.0,1801.0,2.221,2.221
2170901,4,4,4,0,1,0,1729.0,9.0,1738.0,2.3015,2.3015
1841204,4,4,4,0,0,0,1455.0,2158.0,3613.0,1.1071,1.1071
2855201,4,4,4,0,0,0,1364.0,1142.0,2506.0,1.5962,1.5962
3152301,4,4,4,0,0,0,637.0,1.0,638.0,6.2696,6.2696
1471102,4,4,4,0,0,0,3863.0,32.0,3895.0,1.027,1.027
1829901,4,4,4,0,0,0,5130.0,91.0,5221.0,0.7661,0.7661
2108102,4,4,4,0,0,0,584.0,21.0,605.0,6.6116,6.6116
3131301,4,4,4,0,0,0,524.0,1.0,525.0,7.619,7.619
5439001,4,4,4,0,0,0,2581.0,87.0,2668.0,1.4993,1.4993
2563001,4,4,4,0,0,0,2214.0,12.0,2226.0,1.7969,1.7969
1651201,4,4,4,0,0,0,1661.0,27.0,1688.0,2.3697,2.3697
3561201,4,4,4,0,0,0,1858.0,5.0,1863.0,2.1471,2.1471
2773005,4,4,4,0,0,0,1002.0,18.0,1020.0,3.9216,3.9216
1642401,4,4,4,0,0,0,4399.0,903.0,5302.0,0.7544,0.7544
3110401,4,4,4,0,0,0,1204.0,6.0,1210.0,3.3058,3.3058
1631101,4,4,4,0,0,0,901.0,140.0,1041.0,3.8425,3.8425
2522101,4,4,4,1,0,0,1425.0,12.0,1437.0,2.7836,2.7836
2619001,4,4,4,0,0,0,1657.0,55.0,1712.0,2.3364,2.3364
5081201,4,4,4,0,0,0,175.0,1.0,176.0,22.7273,22.7273
2016201,4,4,4,0,0,0,1049.0,11.0,1060.0,3.7736,3.7736
1477402,4,4,4,0,0,0,2323.0,10.0,2333.0,1.7145,1.7145
1474201,4,4,4,0,0,0,2862.0,20.0,2882.0,1.3879,1.3879
5421002,4,4,4,0,0,0,2340.0,55.0,2395.0,1.6701,1.6701
5072901,4,4,4,0,0,0,107.0,3.0,110.0,36.3636,36.3636
1475301,4,4,4,0,0,0,1370.0,7.0,1377.0,2.9049,2.9049
4429001,4,4,4,0,0,0,4796.0,11.0,4807.0,0.8321,0.8321
1711001,4,4,4,0,0,0,6781.0,430.0,7211.0,0.5547,0.5547
4162001,4,4,4,0,0,0,156.0,1.0,157.0,25.4777,25.4777
3108201,3,3,3,0,0,0,823.0,2.0,825.0,3.6364,3.6364
2773006,3,3,3,0,0,0,329.0,4.0,333.0,9.009,9.009
3108904,3,3,3,0,0,0,258.0,4.0,262.0,11.4504,11.4504
2331201,3,3,3,0,0,0,885.0,9.0,894.0,3.3557,3.3557
3581901,3,3,3,0,0,0,973.0,7.0,980.0,3.0612,3.0612
3110403,3,3,3,0,0,0,134.0,0.0,134.0,22.3881,22.3881
5089101,3,3,3,0,0,0,152.0,1.0,153.0,19.6078,19.6078
2879001,3,3,3,0,0,0,432.0,1071.0,1503.0,1.996,1.996
5089902,3,3,3,0,0,0,274.0,3.0,277.0,10.8303,10.8303
5061001,3,3,3,0,0,0,616.0,34.0,650.0,4.6154,4.6154
3139202,3,3,3,0,0,0,122.0,0.0,122.0,24.5902,24.5902
3433001,3,3,3,0,0,0,1047.0,78.0,1125.0,2.6667,2.6667
3101202,3,3,3,0,0,0,264.0,3.0,267.0,11.236,11.236
3581101,3,3,3,0,0,0,650.0,40.0,690.0,4.3478,4.3478
4202907,3,3,3,0,0,0,269.0,0.0,269.0,11.1524,11.1524
5051004,3,3,3,0,0,0,195.0,0.0,195.0,15.3846,15.3846
2592001,3,3,3,0,0,0,605.0,1450.0,2055.0,1.4599,1.4599
3711001,3,3,3,0,0,0,1825.0,205.0,2030.0,1.4778,1.4778
3108302,3,3,3,0,0,0,53.0,0.0,53.0,56.6038,56.6038
5052001,3,3,3,0,0,0,382.0,1.0,383.0,7.8329,7.8329
2201301,3,3,3,0,0,0,368.0,5.0,373.0,8.0429,8.0429
3869201,3,3,3,0,0,0,839.0,1251.0,2090.0,1.4354,1.4354
3960101,3,3,3,0,0,0,2681.0,19.0,2700.0,1.1111,1.1111
2021002,3,3,3,0,0,0,216.0,6.0,222.0,13.5135,13.5135
2021001,3,3,3,0,0,0,1602.0,117.0,1719.0,1.7452,1.7452
2016302,3,3,3,0,0,0,180.0,0.0,180.0,16.6667,16.6667
5301102,3,3,3,0,1,0,1269.0,1.0,1270.0,2.3622,2.3622
4170901,3,3,3,0,0,0,405.0,8.0,413.0,7.2639,7.2639
5331401,3,3,3,0,0,0,426.0,13.0,439.0,6.8337,6.8337
2011401,3,3,3,0,0,0,307.0,16.0,323.0,9.2879,9.2879
1881001,3,3,3,0,0,0,2070.0,526.0,2596.0,1.1556,1.1556
1852101,3,3,3,0,0,0,2593.0,69.0,2662.0,1.127,1.127
4282903,3,3,3,0,0,0,120.0,3.0,123.0,24.3902,24.3902
1799001,3,3,3,0,0,0,3118.0,49.0,3167.0,0.9473,0.9473
1692001,3,3,3,0,0,0,10440.0,595.0,11035.0,0.2719,0.2719
4259201,3,3,3,0,0,0,352.0,3.0,355.0,8.4507,8.4507
5712002,3,3,3,0,0,0,517.0,39.0,556.0,5.3957,5.3957
4151102,3,3,3,0,0,0,516.0,13.0,529.0,5.6711,5.6711
1620901,3,3,3,0,0,0,792.0,8.0,800.0,3.75,3.75
4151101,3,3,3,0,0,0,131.0,3.0,134.0,22.3881,22.3881
1477501,3,3,3,1,0,0,1289.0,1.0,1290.0,2.3256,2.3256
3282101,3,3,3,0,0,0,501.0,11.0,512.0,5.8594,5.8594
1477201,3,3,3,0,0,0,4790.0,5.0,4795.0,0.6257,0.6257
1475902,3,3,3,0,0,0,427.0,2.0,429.0,6.993,6.993
1475202,3,3,3,0,0,0,830.0,1.0,831.0,3.6101,3.6101
1475101,3,3,3,0,0,0,2405.0,6.0,2411.0,1.2443,1.2443
5861001,3,3,3,0,0,0,1007.0,211.0,1218.0,2.4631,2.4631
1466301,3,3,3,0,0,0,1247.0,4.0,1251.0,2.3981,2.3981
1464301,3,3,3,0,0,0,1109.0,3.0,1112.0,2.6978,2.6978
1461002,3,3,3,0,0,0,875.0,15.0,890.0,3.3708,3.3708
3222903,3,3,3,0,0,0,238.0,1.0,239.0,12.5523,12.5523
3239401,3,3,3,0,0,0,382.0,19.0,401.0,7.4813,7.4813
2259901,3,3,3,0,0,0,364.0,3.0,367.0,8.1744,8.1744
2141002,3,3,3,0,0,0,764.0,5.0,769.0,3.9012,3.9012
2311001,3,3,3,0,0,0,455.0,17.0,472.0,6.3559,6.3559
4492201,3,3,3,0,0,0,2102.0,197.0,2299.0,1.3049,1.3049
5239501,3,3,3,0,0,0,221.0,5.0,226.0,13.2743,13.2743
5259201,2,2,2,0,0,0,449.0,9.0,458.0,4.3668,4.3668
4532001,2,2,2,0,0,0,5594.0,75.0,5669.0,0.3528,0.3528
3281901,2,2,2,0,0,0,584.0,10.0,594.0,3.367,3.367
4259302,2,2,2,0,0,0,532.0,9.0,541.0,3.6969,3.6969
3466101,2,2,2,0,0,0,1420.0,15.0,1435.0,1.3937,1.3937
2952201,2,2,2,0,0,0,212.0,6.0,218.0,9.1743,9.1743
4282501,2,2,2,0,0,0,275.0,15.0,290.0,6.8966,6.8966
1649901,2,2,2,0,0,0,1576.0,98.0,1674.0,1.1947,1.1947
2951101,2,2,2,0,0,0,1543.0,27.0,1570.0,1.2739,1.2739
2932901,2,2,2,0,0,0,509.0,274.0,783.0,2.5543,2.5543
3014901,2,2,2,0,0,0,134.0,0.0,134.0,14.9254,14.9254
1649902,2,2,2,0,0,0,461.0,25.0,486.0,4.1152,4.1152
3279001,2,2,2,0,0,0,209.0,2.0,211.0,9.4787,9.4787
1649904,2,2,2,0,0,0,1127.0,66.0,1193.0,1.6764,1.6764
3910301,2,2,2,0,0,0,204.0,29.0,233.0,8.5837,8.5837
4239901,2,2,2,0,0,0,209.0,51.0,260.0,7.6923,7.6923
5241001,2,2,2,0,0,0,428.0,14.0,442.0,4.5249,4.5249
1781001,2,2,2,0,0,0,1680.0,9.0,1689.0,1.1841,1.1841
3722001,2,2,2,0,0,0,534.0,83.0,617.0,3.2415,3.2415
1822001,2,2,2,0,0,0,3809.0,77.0,3886.0,0.5147,0.5147
4492103,2,2,2,0,0,0,5097.0,2345.0,7442.0,0.2687,0.2687
1643201,2,2,2,0,0,0,1317.0,4.0,1321.0,1.514,1.514
5239901,2,2,2,0,0,0,106.0,0.0,106.0,18.8679,18.8679
1643101,2,2,2,0,0,0,636.0,4702.0,5338.0,0.3747,0.3747
1852201,2,2,2,0,0,0,5504.0,11.0,5515.0,0.3626,0.3626
4131201,2,2,2,0,0,0,266.0,0.0,266.0,7.5188,7.5188
1464101,2,2,2,0,0,0,1836.0,2.0,1838.0,1.0881,1.0881
3110101,2,2,2,0,0,0,175.0,46.0,221.0,9.0498,9.0498
4802001,2,2,2,0,0,0,1383.0,51.0,1434.0,1.3947,1.3947
3282901,2,2,2,0,0,0,148.0,4.0,152.0,13.1579,13.1579
1465901,2,2,2,0,0,0,695.0,12.0,707.0,2.8289,2.8289
5012901,2,2,2,0,0,0,371.0,0.0,371.0,5.3908,5.3908
5016101,2,2,2,1,0,0,1318.0,34.0,1352.0,1.4793,1.4793
3282201,2,2,2,0,0,0,134.0,1.0,135.0,14.8148,14.8148
3900701,2,2,2,0,0,0,888.0,531.0,1419.0,1.4094,1.4094
3106202,2,2,2,0,0,0,435.0,6.0,441.0,4.5351,4.5351
3161003,2,2,2,0,0,0,102.0,0.0,102.0,19.6078,19.6078
5239401,2,2,2,0,0,0,309.0,1.0,310.0,6.4516,6.4516
5842301,2,2,2,0,0,0,1846.0,974.0,2820.0,0.7092,0.7092
1479901,2,2,2,0,0,0,2151.0,5.0,2156.0,0.9276,0.9276
1620101,2,2,2,0,0,0,11822.0,1905.0,13727.0,0.1457,0.1457
1620201,2,2,2,0,0,0,1545.0,1067.0,2612.0,0.7657,0.7657
3201101,2,2,2,0,0,0,61.0,0.0,61.0,32.7869,32.7869
3161002,2,2,2,0,0,0,102.0,1.0,103.0,19.4175,19.4175
2143001,2,2,2,0,0,0,57.0,0.0,57.0,35.0877,35.0877
3266001,2,2,2,0,0,0,439.0,1.0,440.0,4.5455,4.5455
4522902,2,2,2,0,0,0,621.0,6.0,627.0,3.1898,3.1898
2012801,2,2,2,0,0,0,441.0,3.0,444.0,4.5045,4.5045
4522101,2,2,2,0,0,0,349.0,43.0,392.0,5.102,5.102
2013001,2,2,2,0,0,0,307.0,5.0,312.0,6.4103,6.4103
3931903,2,2,2,0,0,0,375.0,2073.0,2448.0,0.817,0.817
5091001,2,2,2,0,0,0,1155.0,11.0,1166.0,1.7153,1.7153
5091002,2,2,2,0,0,0,310.0,1.0,311.0,6.4309,6.4309
3381102,2,2,2,0,0,0,148.0,8.0,156.0,12.8205,12.8205
5301101,2,2,2,0,0,0,211.0,1.0,212.0,9.434,9.434
5243101,2,2,2,0,0,0,406.0,21.0,427.0,4.6838,4.6838
5282401,2,2,2,0,0,0,202.0,1.0,203.0,9.8522,9.8522
3239601,2,2,2,0,0,0,197.0,4.0,201.0,9.9502,9.9502
2613001,2,2,2,0,0,0,86.0,11.0,97.0,20.6186,20.6186
2602001,2,2,2,0,0,0,518.0,1344.0,1862.0,1.0741,1.0741
2601001,2,2,2,0,0,0,1156.0,6.0,1162.0,1.7212,1.7212
3151301,2,2,2,0,0,0,272.0,3.0,275.0,7.2727,7.2727
3619001,2,2,2,0,0,0,1829.0,18.0,1847.0,1.0828,1.0828
2108101,2,2,2,0,0,0,1281.0,4.0,1285.0,1.5564,1.5564
4466401,2,2,2,0,0,0,1029.0,11.0,1040.0,1.9231,1.9231
2022001,2,2,2,0,0,0,184.0,13.0,197.0,10.1523,10.1523
4201101,2,2,2,0,0,0,96.0,0.0,96.0,20.8333,20.8333
4231001,2,2,2,0,0,0,198.0,1.0,199.0,10.0503,10.0503
5259901,2,2,2,0,0,0,252.0,16.0,268.0,7.4627,7.4627
5332001,2,2,2,0,0,0,221.0,1.0,222.0,9.009,9.009
5382201,2,2,2,0,0,0,67.0,3.0,70.0,28.5714,28.5714
3259101,2,2,2,0,0,0,155.0,1.0,156.0,12.8205,12.8205
2141004,2,2,2,0,0,0,919.0,3.0,922.0,2.1692,2.1692
4293002,2,2,2,0,0,0,63.0,2.0,65.0,30.7692,30.7692
2466901,2,2,2,0,0,0,1693.0,36.0,1729.0,1.1567,1.1567
5431101,2,2,2,0,0,0,594.0,4.0,598.0,3.3445,3.3445
1949903,2,2,2,0,0,0,1044.0,670.0,1714.0,1.1669,1.1669
5081202,2,2,2,0,0,0,195.0,3.0,198.0,10.101,10.101
2011103,2,2,2,0,0,0,63.0,0.0,63.0,31.746,31.746
3329001,2,2,2,0,0,0,947.0,3.0,950.0,2.1053,2.1053
3259201,2,2,2,0,0,0,328.0,4.0,332.0,6.0241,6.0241
3325004,1,1,1,0,0,0,84.0,1.0,85.0,11.7647,11.7647
3271101,1,1,1,0,0,0,98.0,0.0,98.0,10.2041,10.2041
4259905,1,1,1,0,0,0,49.0,0.0,49.0,20.4082,20.4082
3170201,1,1,1,0,0,0,391.0,9.0,400.0,2.5,2.5
3461001,1,1,1,0,0,0,451.0,3.0,454.0,2.2026,2.2026
3202907,1,1,1,0,0,0,44.0,1.0,45.0,22.2222,22.2222
3353001,1,1,1,0,0,0,60.0,0.0,60.0,16.6667,16.6667
3432202,1,1,1,0,0,0,1177.0,57.0,1234.0,0.8104,0.8104
3141001,1,1,1,0,0,0,721.0,0.0,721.0,1.387,1.387
3139401,1,1,1,0,0,0,190.0,0.0,190.0,5.2632,5.2632
4282901,1,1,1,0,0,0,322.0,1.0,323.0,3.096,3.096
4502101,1,1,1,0,0,0,369.0,4.0,373.0,2.681,2.681
4239306,1,1,1,0,0,0,35.0,8.0,43.0,23.2558,23.2558
3432201,1,1,1,0,0,0,396.0,44.0,440.0,2.2727,2.2727
3267001,1,1,1,0,0,0,190.0,0.0,190.0,5.2632,5.2632
4274001,1,1,1,0,0,0,326.0,1.0,327.0,3.0581,3.0581
3259301,1,1,1,0,0,0,174.0,0.0,174.0,5.7471,5.7471
4381201,1,1,1,0,0,0,75.0,0.0,75.0,13.3333,13.3333
4502201,1,1,1,0,0,0,183.0,5.0,188.0,5.3191,5.3191
3109002,1,1,1,0,0,0,57.0,0.0,57.0,17.5439,17.5439
4259301,1,1,1,0,0,0,117.0,2.0,119.0,8.4034,8.4034
4501101,1,1,1,0,0,0,159.0,6.0,165.0,6.0606,6.0606
3139201,1,1,1,0,0,0,526.0,5.0,531.0,1.8832,1.8832
4501201,1,1,1,0,0,0,32.0,1.0,33.0,30.303,30.303
4259202,1,1,1,0,0,0,22.0,0.0,22.0,45.4545,45.4545
3321003,1,1,1,0,0,0,69.0,1.0,70.0,14.2857,14.2857
3151203,1,1,1,0,0,0,127.0,0.0,127.0,7.874,7.874
3275001,1,1,1,0,0,0,299.0,2.0,301.0,3.3223,3.3223
3324001,1,1,1,0,0,0,639.0,0.0,639.0,1.5649,1.5649
4332001,1,1,1,0,0,0,106.0,1.0,107.0,9.3458,9.3458
3309201,1,1,1,0,0,0,105.0,0.0,105.0,9.5238,9.5238
3108903,1,1,1,0,0,0,66.0,0.0,66.0,15.1515,15.1515
2016203,1,1,1,0,0,0,267.0,1.0,268.0,3.7313,3.7313
1854201,1,1,1,0,0,0,406.0,88.0,494.0,2.0243,2.0243
5431201,1,1,1,0,0,0,1443.0,10.0,1453.0,0.6882,0.6882
1900401,1,1,1,0,0,0,161.0,5.0,166.0,6.0241,6.0241
1910101,1,1,1,0,0,0,746.0,497.0,1243.0,0.8045,0.8045
1910201,1,1,1,0,0,0,219.0,270.0,489.0,2.045,2.045
1960201,1,1,1,0,0,0,1929.0,25.0,1954.0,0.5118,0.5118
2011302,1,1,1,0,0,0,152.0,0.0,152.0,6.5789,6.5789
5351102,1,1,1,0,0,0,160.0,24.0,184.0,5.4348,5.4348
2012103,1,1,1,0,0,0,57.0,0.0,57.0,17.5439,17.5439
4170902,1,1,1,0,0,0,49.0,0.0,49.0,20.4082,20.4082
2016301,1,1,1,0,0,0,62.0,0.0,62.0,16.129,16.129
2139102,1,1,1,0,0,0,72.0,0.0,72.0,13.8889,13.8889
5282201,1,1,1,0,0,0,122.0,25.0,147.0,6.8027,6.8027
5281904,1,1,1,0,0,0,237.0,2.0,239.0,4.1841,4.1841
2022002,1,1,1,0,0,0,41.0,0.0,41.0,24.3902,24.3902
5281901,1,1,1,0,0,0,242.0,33.0,275.0,3.6364,3.6364
5281601,1,1,1,0,0,0,136.0,1.0,137.0,7.2993,7.2993
2024004,1,1,1,0,0,0,51.0,0.0,51.0,19.6078,19.6078
5281201,1,1,1,0,0,0,49.0,4.0,53.0,18.8679,18.8679
2101103,1,1,1,0,0,0,50.0,1.0,51.0,19.6078,19.6078
2105101,1,1,1,0,0,0,369.0,3.0,372.0,2.6882,2.6882
2131301,1,1,1,0,0,0,826.0,1.0,827.0,1.2092,1.2092
1841202,1,1,1,0,0,0,111.0,170.0,281.0,3.5587,3.5587
1791101,1,1,1,0,0,0,4124.0,538.0,4662.0,0.2145,0.2145
1772201,1,1,1,0,0,0,270.0,0.0,270.0,3.7037,3.7037
1732001,1,1,1,0,0,0,941.0,66.0,1007.0,0.993,0.993
5931201,1,1,1,0,0,0,85.0,9.0,94.0,10.6383,10.6383
1454201,1,1,1,0,0,0,306.0,2.0,308.0,3.2468,3.2468
1463102,1,1,1,0,0,0,393.0,23.0,416.0,2.4038,2.4038
1464401,1,1,1,0,0,0,1122.0,4.0,1126.0,0.8881,0.8881
1464402,1,1,1,0,0,0,121.0,37.0,158.0,6.3291,6.3291
1464502,1,1,1,0,0,0,1326.0,15.0,1341.0,0.7457,0.7457
5869201,1,1,1,0,0,0,482.0,101.0,583.0,1.7153,1.7153
1466901,1,1,1,0,0,0,503.0,5.0,508.0,1.9685,1.9685
1474101,1,1,1,0,0,0,4883.0,18.0,4901.0,0.204,0.204
1479101,1,1,1,0,0,0,1159.0,0.0,1159.0,0.8628,0.8628
1649101,1,1,1,0,0,0,117.0,0.0,117.0,8.547,8.547
1649201,1,1,1,0,0,0,3008.0,2.0,3010.0,0.3322,0.3322
5712001,1,1,1,0,0,0,778.0,33.0,811.0,1.233,1.233
1649501,1,1,1,0,0,0,367.0,911.0,1278.0,0.7825,0.7825
4103004,1,1,1,0,0,0,107.0,0.0,107.0,9.3458,9.3458
5522201,1,1,1,0,0,0,176.0,7.0,183.0,5.4645,5.4645
5493001,1,1,1,0,0,0,183.0,0.0,183.0,5.4645,5.4645
5461001,1,1,1,0,0,0,21.0,0.0,21.0,47.619,47.619
1661401,1,1,1,0,0,0,311.0,1.0,312.0,3.2051,3.2051
1661901,1,1,1,0,0,0,1427.0,205.0,1632.0,0.6127,0.6127
1721001,1,1,1,0,0,0,453.0,247.0,700.0,1.4286,1.4286
2139101,1,1,1,0,0,0,347.0,1.0,348.0,2.8736,2.8736
2032101,1,1,1,0,0,0,670.0,8.0,678.0,1.4749,1.4749
2139201,1,1,1,0,0,0,751.0,3.0,754.0,1.3263,1.3263
3581301,1,1,1,1,0,0,268.0,31.0,299.0,3.3445,3.3445
4202901,1,1,1,0,0,0,47.0,0.0,47.0,21.2766,21.2766
2872001,1,1,1,0,0,0,270.0,111.0,381.0,2.6247,2.6247
2871001,1,1,1,0,0,0,425.0,7.0,432.0,2.3148,2.3148
2433001,1,1,1,0,0,0,124.0,3.0,127.0,7.874,7.874
5081103,1,1,1,0,0,0,1205.0,0.0,1205.0,0.8299,0.8299
2773004,1,1,1,0,0,0,150.0,0.0,150.0,6.6667,6.6667
3783001,1,1,1,0,0,0,1436.0,25.0,1461.0,0.6845,0.6845
2749001,1,1,1,0,0,0,691.0,69.0,760.0,1.3158,1.3158
2952101,1,1,1,0,0,0,299.0,4.0,303.0,3.3003,3.3003
2521001,1,1,1,0,0,0,1607.0,17.0,1624.0,0.6158,0.6158
2742001,1,1,1,0,0,0,592.0,10.0,602.0,1.6611,1.6611
2551301,1,1,1,0,0,0,947.0,2.0,949.0,1.0537,1.0537
5163003,1,1,1,0,0,0,14.0,0.0,14.0,71.4286,71.4286
2721001,1,1,1,0,0,0,648.0,591.0,1239.0,0.8071,0.8071
2662101,1,1,1,0,0,0,2164.0,91.0,2255.0,0.4435,0.4435
2559001,1,1,1,0,0,0,44.0,0.0,44.0,22.7273,22.7273
3829201,1,1,1,0,0,0,182.0,2.0,184.0,5.4348,5.4348
2879002,1,1,1,1,0,0,9.0,64.0,73.0,13.6986,13.6986
2329001,1,1,1,0,0,0,457.0,4.0,461.0,2.1692,2.1692
2960902,1,1,1,0,0,0,114.0,2.0,116.0,8.6207,8.6207
4201202,1,1,1,0,0,0,89.0,4.0,93.0,10.7527,10.7527
3492301,1,1,1,0,0,0,220.0,3.0,223.0,4.4843,4.4843
4960301,1,1,1,0,0,0,111.0,5.0,116.0,8.6207,8.6207
2152101,1,1,1,0,0,0,335.0,2.0,337.0,2.9674,2.9674
2152201,1,1,1,0,0,0,116.0,2.0,118.0,8.4746,8.4746
3102003,1,1,1,0,0,0,123.0,0.0,123.0,8.1301,8.1301
3101201,1,1,1,0,0,0,499.0,18.0,517.0,1.9342,1.9342
2181101,1,1,1,0,0,0,430.0,3.0,433.0,2.3095,2.3095
5239601,1,1,1,0,0,0,202.0,7.0,209.0,4.7847,4.7847
3551901,1,1,1,0,0,0,99.0,0.0,99.0,10.101,10.101
2202901,1,1,1,0,0,0,157.0,0.0,157.0,6.3694,6.3694
3900801,1,1,1,0,0,0,281.0,3.0,284.0,3.5211,3.5211
4202201,1,1,1,0,0,0,474.0,8.0,482.0,2.0747,2.0747
5071002,1,1,1,0,0,0,16.0,0.0,16.0,62.5,62.5
5202101,1,1,1,0,0,0,176.0,1.0,177.0,5.6497,5.6497
2591401,1,1,1,0,0,0,296.0,1.0,297.0,3.367,3.367
4221201,0,0,0,0,0,0,17.0,0.0,17.0,0.0,0.0
4139902,0,0,0,0,0,0,8.0,0.0,8.0,0.0,0.0
4221101,0,0,0,0,0,0,1.0,0.0,1.0,0.0,0.0
4221901,0,0,0,0,0,0,213.0,5.0,218.0,0.0,0.0
4242901,0,0,0,0,0,0,57.0,0.0,57.0,0.0,0.0
4202906,0,0,0,0,0,0,9.0,0.0,9.0,0.0,0.0
4202904,0,0,0,0,0,0,4.0,0.0,4.0,0.0,0.0
4202905,0,0,0,0,0,0,7.0,0.0,7.0,0.0,0.0
4239504,0,0,0,0,0,0,4.0,0.0,4.0,0.0,0.0
4192102,0,0,0,0,0,0,0.0,0.0,0.0,,
4192101,0,0,0,0,0,0,15.0,1.0,16.0,0.0,0.0
4181104,0,0,0,0,0,0,25.0,0.0,25.0,0.0,0.0
4181103,0,0,0,0,0,0,1.0,0.0,1.0,0.0,0.0
4221902,0,0,0,0,0,0,199.0,0.0,199.0,0.0,0.0
4259903,0,0,0,0,0,0,51.0,2.0,53.0,0.0,0.0
4181102,0,0,0,0,0,0,169.0,2.0,171.0,0.0,0.0
4181101,0,0,0,0,0,0,636.0,10.0,646.0,0.0,0.0
4170903,0,0,0,0,0,0,11.0,0.0,11.0,0.0,0.0
4202202,0,0,0,0,0,0,34.0,0.0,34.0,0.0,0.0
4170201,0,0,0,0,0,0,132.0,0.0,132.0,0.0,0.0
4231002,0,0,0,0,0,0,4.0,0.0,4.0,0.0,0.0
4170101,0,0,0,0,0,0,5.0,0.0,5.0,0.0,0.0
4239101,0,0,0,0,0,0,387.0,2.0,389.0,0.0,0.0
4239102,0,0,0,0,0,0,16.0,3.0,19.0,0.0,0.0
4239301,0,0,0,0,0,0,43.0,0.0,43.0,0.0,0.0
4202902,0,0,0,0,0,0,4.0,0.0,4.0,0.0,0.0
4239303,0,0,0,0,0,0,4.0,0.0,4.0,0.0,0.0
4201104,0,0,0,0,0,0,16.0,0.0,16.0,0.0,0.0
4239502,0,0,0,0,0,0,46.0,6.0,52.0,0.0,0.0
4162002,0,0,0,0,0,0,0.0,0.0,0.0,,
1131201,0,0,0,0,0,0,89.0,2.0,91.0,0.0,0.0
5091005,0,0,0,0,0,0,22.0,0.0,22.0,0.0,0.0
4259904,0,0,0,0,0,0,53.0,0.0,53.0,0.0,0.0
5202102,0,0,0,0,0,0,15.0,0.0,15.0,0.0,0.0
5243102,0,0,0,0,0,0,12.0,0.0,12.0,0.0,0.0
5242903,0,0,0,0,0,0,0.0,0.0,0.0,,
5242902,0,0,0,0,0,0,248.0,0.0,248.0,0.0,0.0
5242901,0,0,0,0,0,0,61.0,0.0,61.0,0.0,0.0
5241006,0,0,0,0,0,0,0.0,0.0,0.0,,
5241004,0,0,0,0,0,0,2.0,0.0,2.0,0.0,0.0
5241003,0,0,0,0,0,0,0.0,0.0,0.0,,
5241002,0,0,0,0,0,0,15.0,0.0,15.0,0.0,0.0
5239902,0,0,0,0,0,0,0.0,0.0,0.0,,
5231002,0,0,0,0,0,0,11.0,0.0,11.0,0.0,0.0
5231001,0,0,0,0,0,0,78.0,2.0,80.0,0.0,0.0
5202902,0,0,0,0,0,0,32.0,0.0,32.0,0.0,0.0
5202901,0,0,0,0,0,0,25.0,0.0,25.0,0.0,0.0
5201402,0,0,0,0,0,0,5.0,0.0,5.0,0.0,0.0
5091004,0,0,0,0,0,0,148.0,0.0,148.0,0.0,0.0
5201301,0,0,0,0,0,0,156.0,5.0,161.0,0.0,0.0
5201103,0,0,0,0,0,0,106.0,2.0,108.0,0.0,0.0
5201102,0,0,0,0,0,0,4.0,0.0,4.0,0.0,0.0
5201101,0,0,0,0,0,0,9.0,0.0,9.0,0.0,0.0
5192105,0,0,0,0,0,0,8.0,0.0,8.0,0.0,0.0
5192104,0,0,0,0,0,0,8.0,0.0,8.0,0.0,0.0
5192103,0,0,0,0,0,0,4.0,0.0,4.0,0.0,0.0
5192102,0,0,0,0,0,0,29.0,0.0,29.0,0.0,0.0
5192101,0,0,0,0,0,0,22.0,0.0,22.0,0.0,0.0
5163002,0,0,0,0,0,0,9.0,0.0,9.0,0.0,0.0
5131201,0,0,0,0,0,0,2.0,0.0,2.0,0.0,0.0
5099002,0,0,0,0,0,0,345.0,0.0,345.0,0.0,0.0
5099001,0,0,0,0,0,0,141.0,11.0,152.0,0.0,0.0
5251201,0,0,0,0,0,0,339.0,13.0,352.0,0.0,0.0
5251301,0,0,0,0,0,0,23.0,0.0,23.0,0.0,0.0
5259101,0,0,0,0,0,0,180.0,0.0,180.0,0.0,0.0
5266001,0,0,0,0,0,0,14.0,0.0,14.0,0.0,0.0
5910201,0,0,0,0,0,0,14.0,0.0,14.0,0.0,0.0
5900501,0,0,0,0,0,0,14.0,0.0,14.0,0.0,0.0
5842304,0,0,0,0,0,0,0.0,0.0,0.0,,
5842303,0,0,0,0,0,0,0.0,0.0,0.0,,
5842203,0,0,0,0,0,0,14.0,52.0,66.0,0.0,0.0
5842202,0,0,0,0,0,0,0.0,5.0,5.0,0.0,0.0
5812902,0,0,0,0,0,0,111.0,2.0,113.0,0.0,0.0
5803001,0,0,0,0,0,0,11.0,0.0,11.0,0.0,0.0
5712003,0,0,0,0,0,0,71.0,0.0,71.0,0.0,0.0
5681001,0,0,0,0,0,0,604.0,2.0,606.0,0.0,0.0
5521001,0,0,0,0,0,0,40.0,0.0,40.0,0.0,0.0
5439003,0,0,0,0,0,0,58.0,0.0,58.0,0.0,0.0
5433004,0,0,0,0,0,0,612.0,40.0,652.0,0.0,0.0
5431203,0,0,0,0,0,0,112.0,0.0,112.0,0.0,0.0
5351103,0,0,0,0,0,0,7.0,0.0,7.0,0.0,0.0
5331301,0,0,0,0,0,0,88.0,5.0,93.0,0.0,0.0
5301202,0,0,0,0,0,0,1.0,0.0,1.0,0.0,0.0
5301201,0,0,0,0,0,0,112.0,0.0,112.0,0.0,0.0
5301103,0,0,0,0,0,0,0.0,0.0,0.0,,
5282402,0,0,0,0,0,0,5.0,0.0,5.0,0.0,0.0
5282301,0,0,0,0,0,0,72.0,0.0,72.0,0.0,0.0
5281903,0,0,0,0,0,0,18.0,0.0,18.0,0.0,0.0
5281902,0,0,0,0,0,0,8.0,0.0,8.0,0.0,0.0
5281602,0,0,0,0,0,0,14.0,1.0,15.0,0.0,0.0
5281401,0,0,0,0,0,0,44.0,0.0,44.0,0.0,0.0
5281301,0,0,0,0,0,0,54.0,1.0,55.0,0.0,0.0
5281101,0,0,0,0,0,0,2.0,0.0,2.0,0.0,0.0
4131204,0,0,0,0,0,0,12.0,0.0,12.0,0.0,0.0
5091003,0,0,0,0,0,0,4.0,0.0,4.0,0.0,0.0
4262001,0,0,0,0,0,0,5.0,1.0,6.0,0.0,0.0
4302003,0,0,0,0,0,0,76.0,2.0,78.0,0.0,0.0
4466901,0,0,0,0,0,0,54.0,0.0,54.0,0.0,0.0
4461001,0,0,0,0,0,0,142.0,2.0,144.0,0.0,0.0
4411101,0,0,0,0,0,0,527.0,11.0,538.0,0.0,0.0
4382101,0,0,0,0,0,0,117.0,4.0,121.0,0.0,0.0
4352001,0,0,0,0,0,0,297.0,16.0,313.0,0.0,0.0
4331501,0,0,0,0,0,0,325.0,0.0,325.0,0.0,0.0
4331101,0,0,0,0,0,0,489.0,1.0,490.0,0.0,0.0
4329002,0,0,0,0,0,0,31.0,0.0,31.0,0.0,0.0
4329001,0,0,0,0,0,0,51.0,0.0,51.0,0.0,0.0
4321001,0,0,0,0,0,0,24.0,0.0,24.0,0.0,0.0
4309101,0,0,0,0,0,0,43.0,0.0,43.0,0.0,0.0
4303007,0,0,0,0,0,0,0.0,0.0,0.0,,
4303001,0,0,0,0,0,0,19.0,8.0,27.0,0.0,0.0
4302001,0,0,0,0,0,0,0.0,0.0,0.0,,
5089901,0,0,0,0,0,0,4.0,0.0,4.0,0.0,0.0
4291002,0,0,0,0,0,0,5.0,0.0,5.0,0.0,0.0
4291001,0,0,0,0,0,0,6.0,0.0,6.0,0.0,0.0
4282603,0,0,0,0,0,0,19.0,0.0,19.0,0.0,0.0
4282601,0,0,0,0,0,0,13.0,0.0,13.0,0.0,0.0
4282505,0,0,0,0,0,0,50.0,0.0,50.0,0.0,0.0
4282504,0,0,0,0,0,0,30.0,2.0,32.0,0.0,0.0
4282502,0,0,0,0,0,0,3.0,2.0,5.0,0.0,0.0
4281501,0,0,0,0,0,0,69.0,0.0,69.0,0.0,0.0
4281101,0,0,0,0,0,0,7.0,0.0,7.0,0.0,0.0
4275001,0,0,0,0,0,0,66.0,3.0,69.0,0.0,0.0
4273101,0,0,0,0,0,0,73.0,0.0,73.0,0.0,0.0
4272002,0,0,0,0,0,0,0.0,0.0,0.0,,
4272001,0,0,0,0,0,0,26.0,0.0,26.0,0.0,0.0
4475901,0,0,0,0,0,0,193.0,0.0,193.0,0.0,0.0
4491101,0,0,0,0,0,0,4.0,0.0,4.0,0.0,0.0
4491201,0,0,0,0,0,0,2.0,0.0,2.0,0.0,0.0
4492104,0,0,0,0,0,0,1199.0,40.0,1239.0,0.0,0.0
5081207,0,0,0,0,0,0,0.0,0.0,0.0,,
5081206,0,0,0,0,0,0,0.0,0.0,0.0,,
5081205,0,0,0,0,0,0,8.0,0.0,8.0,0.0,0.0
5081204,0,0,0,0,0,0,1.0,0.0,1.0,0.0,0.0
5081105,0,0,0,0,0,0,120.0,0.0,120.0,0.0,0.0
5081104,0,0,0,0,0,0,20.0,0.0,20.0,0.0,0.0
5081102,0,0,0,0,0,0,120.0,0.0,120.0,0.0,0.0
5072102,0,0,0,0,0,0,1.0,0.0,1.0,0.0,0.0
5072101,0,0,0,0,0,0,5.0,0.0,5.0,0.0,0.0
5071001,0,0,0,0,0,0,10.0,0.0,10.0,0.0,0.0
5061003,0,0,0,0,0,0,0.0,0.0,0.0,,
5052003,0,0,0,0,0,0,0.0,0.0,0.0,,
5052002,0,0,0,0,0,0,2.0,0.0,2.0,0.0,0.0
4852301,0,0,0,0,0,0,45.0,8.0,53.0,0.0,0.0
4829201,0,0,0,0,0,0,31.0,0.0,31.0,0.0,0.0
4812901,0,0,0,0,0,0,1659.0,14.0,1673.0,0.0,0.0
4742001,0,0,0,0,0,0,13.0,1.0,14.0,0.0,0.0
4639101,0,0,0,0,0,0,26.0,2.0,28.0,0.0,0.0
4531002,0,0,0,0,0,0,29.0,0.0,29.0,0.0,0.0
4522102,0,0,0,0,0,0,491.0,59.0,550.0,0.0,0.0
4512201,0,0,0,0,0,0,22.0,1.0,23.0,0.0,0.0
4512101,0,0,0,0,0,0,41.0,2.0,43.0,0.0,0.0
4511203,0,0,0,0,0,0,0.0,0.0,0.0,,
4511202,0,0,0,0,0,0,54.0,3.0,57.0,0.0,0.0
4511201,0,0,0,0,0,0,96.0,0.0,96.0,0.0,0.0
4511101,0,0,0,0,0,0,228.0,46.0,274.0,0.0,0.0
4501102,0,0,0,0,0,0,31.0,4.0,35.0,0.0,0.0
4131301,0,0,0,0,0,0,36.0,0.0,36.0,0.0,0.0
3210003,0,0,0,0,0,0,40.0,0.0,40.0,0.0,0.0
4131202,0,0,0,0,0,0,4.0,0.0,4.0,0.0,0.0
2202302,0,0,0,0,0,0,2.0,1.0,3.0,0.0,0.0
2151201,0,0,0,0,0,0,122.0,1.0,123.0,0.0,0.0
2169001,0,0,0,0,0,0,168.0,0.0,168.0,0.0,0.0
2170201,0,0,0,0,0,0,145.0,0.0,145.0,0.0,0.0
2170902,0,0,0,0,0,0,18.0,0.0,18.0,0.0,0.0
2181201,0,0,0,0,0,0,300.0,1.0,301.0,0.0,0.0
2182001,0,0,0,0,0,0,55.0,2.0,57.0,0.0,0.0
2202301,0,0,0,0,0,0,337.0,2.0,339.0,0.0,0.0
2202902,0,0,0,0,0,0,4.0,0.0,4.0,0.0,0.0
2141003,0,0,0,0,0,0,28.0,1.0,29.0,0.0,0.0
2221901,0,0,0,0,0,0,48.0,1.0,49.0,0.0,0.0
2267001,0,0,0,0,0,0,128.0,0.0,128.0,0.0,0.0
2311002,0,0,0,0,0,0,201.0,1.0,202.0,0.0,0.0
2322001,0,0,0,0,0,0,15.0,0.0,15.0,0.0,0.0
2323001,0,0,0,0,0,0,188.0,0.0,188.0,0.0,0.0
2323003,0,0,0,0,0,0,15.0,0.0,15.0,0.0,0.0
2331101,0,0,0,0,0,0,20.0,1.0,21.0,0.0,0.0
2142001,0,0,0,0,0,0,179.0,0.0,179.0,0.0,0.0
2139902,0,0,0,0,0,0,47.0,3.0,50.0,0.0,0.0
4131101,0,0,0,0,0,0,9.0,0.0,9.0,0.0,0.0
2102005,0,0,0,0,0,0,9.0,1.0,10.0,0.0,0.0
2024003,0,0,0,0,0,0,5.0,0.0,5.0,0.0,0.0
2032102,0,0,0,0,0,0,35.0,0.0,35.0,0.0,0.0
2032103,0,0,0,0,0,0,18.0,0.0,18.0,0.0,0.0
2032202,0,0,0,0,0,0,33.0,1.0,34.0,0.0,0.0
2102002,0,0,0,0,0,0,71.0,2.0,73.0,0.0,0.0
2102003,0,0,0,0,0,0,19.0,0.0,19.0,0.0,0.0
2102004,0,0,0,0,0,0,3.0,0.0,3.0,0.0,0.0
2104002,0,0,0,0,0,0,14.0,0.0,14.0,0.0,0.0
2139901,0,0,0,0,0,0,50.0,1.0,51.0,0.0,0.0
2104003,0,0,0,0,0,0,127.0,4.0,131.0,0.0,0.0
2105201,0,0,0,0,0,0,116.0,1.0,117.0,0.0,0.0
2108902,0,0,0,0,0,0,6.0,2.0,8.0,0.0,0.0
2108903,0,0,0,0,0,0,199.0,1.0,200.0,0.0,0.0
2139202,0,0,0,0,0,0,40.0,2.0,42.0,0.0,0.0
2139203,0,0,0,0,0,0,7.0,0.0,7.0,0.0,0.0
2139301,0,0,0,0,0,0,13.0,0.0,13.0,0.0,0.0
2331301,0,0,0,0,0,0,151.0,3.0,154.0,0.0,0.0
2331901,0,0,0,0,0,0,260.0,0.0,260.0,0.0,0.0
2332001,0,0,0,0,0,0,20.0,0.0,20.0,0.0,0.0
2773008,0,0,0,0,0,0,6.0,0.0,6.0,0.0,0.0
2749002,0,0,0,0,0,0,133.0,15.0,148.0,0.0,0.0
2771001,0,0,0,0,0,0,495.0,3.0,498.0,0.0,0.0
2772101,0,0,0,0,0,0,44.0,2.0,46.0,0.0,0.0
2773001,0,0,0,0,0,0,139.0,4.0,143.0,0.0,0.0
2773002,0,0,0,0,0,0,24.0,0.0,24.0,0.0,0.0
2773003,0,0,0,0,0,0,1.0,0.0,1.0,0.0,0.0
2773007,0,0,0,0,0,0,62.0,0.0,62.0,0.0,0.0
2773009,0,0,0,0,0,0,8.0,0.0,8.0,0.0,0.0
2451101,0,0,0,0,0,0,422.0,2.0,424.0,0.0,0.0
2773010,0,0,0,0,0,0,126.0,6.0,132.0,0.0,0.0
2801001,0,0,0,0,0,0,15.0,0.0,15.0,0.0,0.0
2821901,0,0,0,0,0,0,94.0,2.0,96.0,0.0,0.0
2829901,0,0,0,0,0,0,690.0,0.0,690.0,0.0,0.0
2851201,0,0,0,0,0,0,1321.0,23.0,1344.0,0.0,0.0
2862202,0,0,0,0,0,0,321.0,2.0,323.0,0.0,0.0
2900201,0,0,0,0,0,0,718.0,52.0,770.0,0.0,0.0
2741001,0,0,0,0,0,0,808.0,7.0,815.0,0.0,0.0
2662902,0,0,0,0,0,0,50.0,0.0,50.0,0.0,0.0
2662901,0,0,0,0,0,0,82.0,1.0,83.0,0.0,0.0
2662102,0,0,0,0,0,0,363.0,18.0,381.0,0.0,0.0
2451201,0,0,0,0,0,0,688.0,9.0,697.0,0.0,0.0
2465201,0,0,0,0,0,0,690.0,3.0,693.0,0.0,0.0
2465901,0,0,0,0,0,0,107.0,0.0,107.0,0.0,0.0
2465903,0,0,0,0,0,0,177.0,0.0,177.0,0.0,0.0
2466201,0,0,0,0,0,0,252.0,3.0,255.0,0.0,0.0
2551201,0,0,0,0,0,0,99.0,0.0,99.0,0.0,0.0
2551401,0,0,0,0,0,0,334.0,15.0,349.0,0.0,0.0
2552001,0,0,0,0,0,0,10.0,0.0,10.0,0.0,0.0
2591101,0,0,0,0,0,0,725.0,94.0,819.0,0.0,0.0
2591201,0,0,0,0,0,0,15.0,2.0,17.0,0.0,0.0
2591202,0,0,0,0,0,0,2.0,0.0,2.0,0.0,0.0
2591301,0,0,0,0,0,0,38.0,3.0,41.0,0.0,0.0
2592002,0,0,0,0,0,0,8.0,0.0,8.0,0.0,0.0
2652201,0,0,0,0,0,0,285.0,20.0,305.0,0.0,0.0
2653101,0,0,0,0,0,0,54.0,45.0,99.0,0.0,0.0
2024002,0,0,0,0,0,0,55.0,0.0,55.0,0.0,0.0
2023002,0,0,0,0,0,0,0.0,0.0,0.0,,
2023001,0,0,0,0,0,0,8.0,12.0,20.0,0.0,0.0
1651401,0,0,0,0,0,0,27.0,0.0,27.0,0.0,0.0
1642101,0,0,0,0,0,0,256.0,1.0,257.0,0.0,0.0
1642201,0,0,0,0,0,0,65.0,0.0,65.0,0.0,0.0
1642301,0,0,0,0,0,0,643.0,151.0,794.0,0.0,0.0
1649301,0,0,0,0,0,0,239.0,1.0,240.0,0.0,0.0
1649401,0,0,0,0,0,0,95.0,0.0,95.0,0.0,0.0
1649903,0,0,0,0,0,0,70.0,0.0,70.0,0.0,0.0
1651301,0,0,0,0,0,0,79.0,0.0,79.0,0.0,0.0
1661101,0,0,0,0,0,0,40.0,1.0,41.0,0.0,0.0
1781002,0,0,0,0,0,0,0.0,0.0,0.0,,
1661102,0,0,0,0,0,0,14.0,0.0,14.0,0.0,0.0
1661201,0,0,0,0,0,0,332.0,2.0,334.0,0.0,0.0
1661301,0,0,0,0,0,0,367.0,1.0,368.0,0.0,0.0
1661501,0,0,0,0,0,0,80.0,1.0,81.0,0.0,0.0
1663001,0,0,0,0,0,0,62.0,0.0,62.0,0.0,0.0
1772901,0,0,0,0,0,0,251.0,3.0,254.0,0.0,0.0
1772902,0,0,0,0,0,0,32.0,1.0,33.0,0.0,0.0
1641101,0,0,0,0,0,0,52.0,0.0,52.0,0.0,0.0
1639901,0,0,0,0,0,0,157.0,0.0,157.0,0.0,0.0
1631201,0,0,0,0,0,0,60.0,0.0,60.0,0.0,0.0
1631102,0,0,0,0,0,0,655.0,6.0,661.0,0.0,0.0
1139301,0,0,0,0,0,0,186.0,0.0,186.0,0.0,0.0
1462002,0,0,0,0,0,0,571.0,4.0,575.0,0.0,0.0
1464901,0,0,0,0,0,0,290.0,3.0,293.0,0.0,0.0
1465101,0,0,0,0,0,0,1898.0,35.0,1933.0,0.0,0.0
1472402,0,0,0,0,0,0,83.0,0.0,83.0,0.0,0.0
1475501,0,0,0,0,0,0,1896.0,1.0,1897.0,0.0,0.0
1476201,0,0,0,0,0,0,576.0,3.0,579.0,0.0,0.0
1476901,0,0,0,0,0,0,92.0,0.0,92.0,0.0,0.0
1477401,0,0,0,0,0,0,1236.0,11.0,1247.0,0.0,0.0
1478101,0,0,0,0,0,0,974.0,2.0,976.0,0.0,0.0
1478201,0,0,0,0,0,0,22.0,13.0,35.0,0.0,0.0
1478901,0,0,0,0,0,0,32.0,0.0,32.0,0.0,0.0
1479201,0,0,0,0,0,0,20.0,0.0,20.0,0.0,0.0
1582001,0,0,0,0,0,0,101.0,11.0,112.0,0.0,0.0
1620202,0,0,0,0,0,0,389.0,26.0,415.0,0.0,0.0
1774001,0,0,0,0,0,0,8.0,0.0,8.0,0.0,0.0
1791201,0,0,0,0,0,0,678.0,60.0,738.0,0.0,0.0
2022003,0,0,0,0,0,0,17.0,0.0,17.0,0.0,0.0
2014301,0,0,0,0,0,0,7.0,0.0,7.0,0.0,0.0
2011902,0,0,0,0,0,0,20.0,0.0,20.0,0.0,0.0
2012102,0,0,0,0,0,0,28.0,0.0,28.0,0.0,0.0
2012802,0,0,0,0,0,0,224.0,0.0,224.0,0.0,0.0
2012901,0,0,0,0,0,0,233.0,0.0,233.0,0.0,0.0
2013002,0,0,0,0,0,0,54.0,0.0,54.0,0.0,0.0
2014103,0,0,0,0,0,0,172.0,4.0,176.0,0.0,0.0
2014201,0,0,0,0,0,0,236.0,1.0,237.0,0.0,0.0
2014302,0,0,0,0,0,0,2.0,0.0,2.0,0.0,0.0
1799002,0,0,0,0,0,0,18.0,0.0,18.0,0.0,0.0
2014901,0,0,0,0,0,0,220.0,11.0,231.0,0.0,0.0
2014902,0,0,0,0,0,0,59.0,6.0,65.0,0.0,0.0
2016202,0,0,0,0,0,0,38.0,3.0,41.0,0.0,0.0
2016303,0,0,0,0,0,0,15.0,0.0,15.0,0.0,0.0
2016401,0,0,0,0,0,0,125.0,2.0,127.0,0.0,0.0
2017001,0,0,0,0,0,0,70.0,0.0,70.0,0.0,0.0
2017003,0,0,0,0,0,0,0.0,0.0,0.0,,
2011901,0,0,0,0,0,0,79.0,1.0,80.0,0.0,0.0
2011501,0,0,0,0,0,0,0.0,0.0,0.0,,
2011102,0,0,0,0,0,0,64.0,0.0,64.0,0.0,0.0
1970002,0,0,0,0,0,0,94.0,0.0,94.0,0.0,0.0
1829101,0,0,0,0,0,0,2552.0,2.0,2554.0,0.0,0.0
1842101,0,0,0,0,0,0,250.0,0.0,250.0,0.0,0.0
1855301,0,0,0,0,0,0,361.0,366.0,727.0,0.0,0.0
1855901,0,0,0,0,0,0,989.0,239.0,1228.0,0.0,0.0
1856001,0,0,0,0,0,0,2615.0,160.0,2775.0,0.0,0.0
1900101,0,0,0,0,0,0,16.0,0.0,16.0,0.0,0.0
1900301,0,0,0,0,0,0,225.0,0.0,225.0,0.0,0.0
1941201,0,0,0,0,0,0,1834.0,138.0,1972.0,0.0,0.0
1952401,0,0,0,0,0,0,129.0,0.0,129.0,0.0,0.0
1952901,0,0,0,0,0,0,22.0,0.0,22.0,0.0,0.0
1960901,0,0,0,0,0,0,633.0,8.0,641.0,0.0,0.0
1960902,0,0,0,0,0,0,3.0,0.0,3.0,0.0,0.0
1960903,0,0,0,0,0,0,4.0,0.0,4.0,0.0,0.0
1960905,0,0,0,0,0,0,0.0,0.0,0.0,,
1960906,0,0,0,0,0,0,0.0,0.0,0.0,,
2900501,0,0,0,0,0,0,39.0,0.0,39.0,0.0,0.0
2900601,0,0,0,0,0,0,533.0,28.0,561.0,0.0,0.0
2931201,0,0,0,0,0,0,49.0,6.0,55.0,0.0,0.0
3324003,0,0,0,0,0,0,14.0,0.0,14.0,0.0,0.0
3309202,0,0,0,0,0,0,15.0,0.0,15.0,0.0,0.0
3309901,0,0,0,0,0,0,12.0,0.0,12.0,0.0,0.0
3321001,0,0,0,0,0,0,693.0,2.0,695.0,0.0,0.0
3321002,0,0,0,0,0,0,23.0,0.0,23.0,0.0,0.0
3322001,0,0,0,0,0,0,23.0,0.0,23.0,0.0,0.0
3322003,0,0,0,0,0,0,0.0,0.0,0.0,,
3324002,0,0,0,0,0,0,0.0,0.0,0.0,,
3325001,0,0,0,0,0,0,50.0,0.0,50.0,0.0,0.0
3329004,0,0,0,0,0,0,3.0,0.0,3.0,0.0,0.0
3325002,0,0,0,0,0,0,0.0,0.0,0.0,,
3325003,0,0,0,0,0,0,160.0,1.0,161.0,0.0,0.0
3325005,0,0,0,0,0,0,7.0,0.0,7.0,0.0,0.0
3325006,0,0,0,0,0,0,12.0,0.0,12.0,0.0,0.0
3325007,0,0,0,0,0,0,5.0,0.0,5.0,0.0,0.0
3325008,0,0,0,0,0,0,91.0,0.0,91.0,0.0,0.0
3329002,0,0,0,0,0,0,8.0,0.0,8.0,0.0,0.0
3309101,0,0,0,0,0,0,25.0,0.0,25.0,0.0,0.0
3292002,0,0,0,0,0,0,67.0,0.0,67.0,0.0,0.0
3282902,0,0,0,0,0,0,1.0,0.0,1.0,0.0,0.0
3282601,0,0,0,0,0,0,21.0,0.0,21.0,0.0,0.0
3265106,0,0,0,0,0,0,36.0,1.0,37.0,0.0,0.0
3265108,0,0,0,0,0,0,3.0,0.0,3.0,0.0,0.0
3265109,0,0,0,0,0,0,99.0,3.0,102.0,0.0,0.0
3265201,0,0,0,0,0,0,1.0,0.0,1.0,0.0,0.0
3271201,0,0,0,0,0,0,172.0,2.0,174.0,0.0,0.0
3273201,0,0,0,0,0,0,16.0,0.0,16.0,0.0,0.0
3274001,0,0,0,0,0,0,353.0,3.0,356.0,0.0,0.0
3274002,0,0,0,0,0,0,5.0,0.0,5.0,0.0,0.0
3275002,0,0,0,0,0,0,21.0,0.0,21.0,0.0,0.0
3279004,0,0,0,0,0,0,0.0,0.0,0.0,,
3279005,0,0,0,0,0,0,0.0,0.0,0.0,,
3279006,0,0,0,0,0,0,18.0,0.0,18.0,0.0,0.0
3281902,0,0,0,0,0,0,37.0,0.0,37.0,0.0,0.0
3282102,0,0,0,0,0,0,49.0,0.0,49.0,0.0,0.0
3282202,0,0,0,0,0,0,12.0,5.0,17.0,0.0,0.0
3329003,0,0,0,0,0,0,33.0,0.0,33.0,0.0,0.0
3329005,0,0,0,0,0,0,11.0,0.0,11.0,0.0,0.0
3265104,0,0,0,0,0,0,7.0,0.0,7.0,0.0,0.0
4072901,0,0,0,0,0,0,13.0,0.0,13.0,0.0,0.0
3960901,0,0,0,0,0,0,10.0,0.0,10.0,0.0,0.0
3970001,0,0,0,0,0,0,20.0,32.0,52.0,0.0,0.0
3990001,0,0,0,0,0,0,218.0,26.0,244.0,0.0,0.0
4031101,0,0,0,0,0,0,59.0,6.0,65.0,0.0,0.0
4031102,0,0,0,0,0,0,2.0,1.0,3.0,0.0,0.0
4031201,0,0,0,0,0,0,66.0,1.0,67.0,0.0,0.0
4031202,0,0,0,0,0,0,1.0,1.0,2.0,0.0,0.0
4089901,0,0,0,0,0,0,16.0,0.0,16.0,0.0,0.0
3331101,0,0,0,0,0,0,88.0,4.0,92.0,0.0,0.0
4101102,0,0,0,0,0,0,124.0,5.0,129.0,0.0,0.0
4101103,0,0,0,0,0,0,0.0,0.0,0.0,,
4103003,0,0,0,0,0,0,8.0,1.0,9.0,0.0,0.0
4103005,0,0,0,0,0,0,62.0,0.0,62.0,0.0,0.0
4106301,0,0,0,0,0,0,9.0,2.0,11.0,0.0,0.0
4110301,0,0,0,0,0,0,50.0,0.0,50.0,0.0,0.0
4110302,0,0,0,0,0,0,13.0,0.0,13.0,0.0,0.0
3960301,0,0,0,0,0,0,213.0,5.0,218.0,0.0,0.0
3949201,0,0,0,0,0,0,187.0,151.0,338.0,0.0,0.0
3932101,0,0,0,0,0,0,185.0,11.0,196.0,0.0,0.0
3931902,0,0,0,0,0,0,33.0,102.0,135.0,0.0,0.0
3331301,0,0,0,0,0,0,82.0,33.0,115.0,0.0,0.0
3331401,0,0,0,0,0,0,127.0,0.0,127.0,0.0,0.0
3475901,0,0,0,0,0,0,24.0,24.0,48.0,0.0,0.0
3521001,0,0,0,0,0,0,6.0,0.0,6.0,0.0,0.0
3581201,0,0,0,0,0,0,0.0,0.0,0.0,,
3592001,0,0,0,0,0,0,4.0,0.0,4.0,0.0,0.0
3611002,0,0,0,0,0,0,158.0,0.0,158.0,0.0,0.0
3611003,0,0,0,0,0,0,140.0,0.0,140.0,0.0,0.0
3711002,0,0,0,0,0,0,22.0,230.0,252.0,0.0,0.0
3741001,0,0,0,0,0,0,121.0,0.0,121.0,0.0,0.0
3772101,0,0,0,0,0,0,3.0,0.0,3.0,0.0,0.0
3813001,0,0,0,0,0,0,192.0,0.0,192.0,0.0,0.0
3855901,0,0,0,0,0,0,306.0,15.0,321.0,0.0,0.0
3869202,0,0,0,0,0,0,130.0,2.0,132.0,0.0,0.0
3931901,0,0,0,0,0,0,34.0,1.0,35.0,0.0,0.0
3265105,0,0,0,0,0,0,1.0,0.0,1.0,0.0,0.0
3265101,0,0,0,0,0,0,512.0,2.0,514.0,0.0,0.0
2951201,0,0,0,0,0,0,83.0,0.0,83.0,0.0,0.0
3139203,0,0,0,0,0,0,21.0,0.0,21.0,0.0,0.0
3110201,0,0,0,0,0,0,261.0,3.0,264.0,0.0,0.0
3110202,0,0,0,0,0,0,8.0,0.0,8.0,0.0,0.0
3110203,0,0,0,0,0,0,22.0,1.0,23.0,0.0,0.0
3110204,0,0,0,0,0,0,4.0,0.0,4.0,0.0,0.0
3110402,0,0,0,0,0,0,73.0,0.0,73.0,0.0,0.0
3120001,0,0,0,0,0,0,111.0,1.0,112.0,0.0,0.0
3131101,0,0,0,0,0,0,62.0,0.0,62.0,0.0,0.0
3139204,0,0,0,0,0,0,5.0,0.0,5.0,0.0,0.0
3163002,0,0,0,0,0,0,6.0,0.0,6.0,0.0,0.0
3139901,0,0,0,0,0,0,82.0,0.0,82.0,0.0,0.0
3141002,0,0,0,0,0,0,209.0,4.0,213.0,0.0,0.0
3143001,0,0,0,0,0,0,150.0,0.0,150.0,0.0,0.0
3151201,0,0,0,0,0,0,186.0,0.0,186.0,0.0,0.0
3151202,0,0,0,0,0,0,37.0,0.0,37.0,0.0,0.0
3151302,0,0,0,0,0,0,12.0,1.0,13.0,0.0,0.0
3152102,0,0,0,0,0,0,16.0,0.0,16.0,0.0,0.0
3109003,0,0,0,0,0,0,3.0,0.0,3.0,0.0,0.0
3108902,0,0,0,0,0,0,170.0,4.0,174.0,0.0,0.0
3108404,0,0,0,0,0,0,72.0,0.0,72.0,0.0,0.0
3108403,0,0,0,0,0,0,911.0,0.0,911.0,0.0,0.0
2952301,0,0,0,0,0,0,4.0,0.0,4.0,0.0,0.0
2952901,0,0,0,0,0,0,148.0,2.0,150.0,0.0,0.0
2960901,0,0,0,0,0,0,95.0,12.0,107.0,0.0,0.0
3089101,0,0,0,0,0,0,28.0,0.0,28.0,0.0,0.0
3089201,0,0,0,0,0,0,196.0,0.0,196.0,0.0,0.0
3089202,0,0,0,0,0,0,4.0,0.0,4.0,0.0,0.0
3102002,0,0,0,0,0,0,121.0,0.0,121.0,0.0,0.0
3105102,0,0,0,0,0,0,99.0,11.0,110.0,0.0,0.0
3105103,0,0,0,0,0,0,18.0,0.0,18.0,0.0,0.0
3106101,0,0,0,0,0,0,401.0,3.0,404.0,0.0,0.0
3106201,0,0,0,0,0,0,33.0,3.0,36.0,0.0,0.0
3108202,0,0,0,0,0,0,27.0,0.0,27.0,0.0,0.0
3108203,0,0,0,0,0,0,11.0,1.0,12.0,0.0,0.0
3108301,0,0,0,0,0,0,19.0,0.0,19.0,0.0,0.0
3108402,0,0,0,0,0,0,23.0,0.0,23.0,0.0,0.0
3152201,0,0,0,0,0,0,292.0,0.0,292.0,0.0,0.0
3169001,0,0,0,0,0,0,310.0,1.0,311.0,0.0,0.0
3264002,0,0,0,0,0,0,0.0,0.0,0.0,,
3259202,0,0,0,0,0,0,47.0,0.0,47.0,0.0,0.0
3221903,0,0,0,0,0,0,47.0,0.0,47.0,0.0,0.0
3222902,0,0,0,0,0,0,46.0,1.0,47.0,0.0,0.0
3231001,0,0,0,0,0,0,91.0,1.0,92.0,0.0,0.0
3239901,0,0,0,0,0,0,47.0,0.0,47.0,0.0,0.0
3242101,0,0,0,0,0,0,51.0,0.0,51.0,0.0,0.0
3242102,0,0,0,0,0,0,2.0,0.0,2.0,0.0,0.0
3242104,0,0,0,0,0,0,0.0,0.0,0.0,,
3259302,0,0,0,0,0,0,0.0,0.0,0.0,,
3169002,0,0,0,0,0,0,5.0,0.0,5.0,0.0,0.0
3261001,0,0,0,0,0,0,56.0,1.0,57.0,0.0,0.0
3261002,0,0,0,0,0,0,59.0,1.0,60.0,0.0,0.0
3261003,0,0,0,0,0,0,1.0,0.0,1.0,0.0,0.0
3261004,0,0,0,0,0,0,2.0,0.0,2.0,0.0,0.0
3262001,0,0,0,0,0,0,28.0,0.0,28.0,0.0,0.0
3263001,0,0,0,0,0,0,19.0,0.0,19.0,0.0,0.0
3264001,0,0,0,0,0,0,6.0,0.0,6.0,0.0,0.0
3210005,0,0,0,0,0,0,70.0,0.0,70.0,0.0,0.0
1131202,0,0,0,0,0,0,63.0,1.0,64.0,0.0,0.0
3210002,0,0,0,0,0,0,20.0,3.0,23.0,0.0,0.0
3203002,0,0,0,0,0,0,33.0,0.0,33.0,0.0,0.0
3169003,0,0,0,0,0,0,17.0,0.0,17.0,0.0,0.0
3181201,0,0,0,0,0,0,499.0,8.0,507.0,0.0,0.0
3181202,0,0,0,0,0,0,4.0,0.0,4.0,0.0,0.0
3181203,0,0,0,0,0,0,487.0,0.0,487.0,0.0,0.0
3201401,0,0,0,0,0,0,25.0,0.0,25.0,0.0,0.0
3202201,0,0,0,0,0,0,224.0,7.0,231.0,0.0,0.0
3202301,0,0,0,0,0,0,595.0,1.0,596.0,0.0,0.0
3202302,0,0,0,0,0,0,147.0,0.0,147.0,0.0,0.0
3202303,0,0,0,0,0,0,87.0,0.0,87.0,0.0,0.0
3202304,0,0,0,0,0,0,1.0,0.0,1.0,0.0,0.0
3202901,0,0,0,0,0,0,107.0,2.0,109.0,0.0,0.0
3202902,0,0,0,0,0,0,0.0,0.0,0.0,,
3202903,0,0,0,0,0,0,8.0,0.0,8.0,0.0,0.0
3202904,0,0,0,0,0,0,1.0,0.0,1.0,0.0,0.0
3203001,0,0,0,0,0,0,38.0,0.0,38.0,0.0,0.0
5960901,0,0,0,0,0,0,29.0,12.0,41.0,0.0,0.0
